,rs4615512,rs2283089,rs1894731,rs2283092,rs2283093,rs6978939,rs6979287,rs6979572,rs2283094,rs2283095,rs6467111,rs1111183,rs2237789,rs2299531,rs2299532
rs4615512,NaN,0.00332906607626785,0.165722733009742,0.165722733009742,0.126965351678622,0.165722733009742,0.120949470280844,0.119710188725558,0.839506142637984,0.119710188725558,0.0992889941248035,0.347055304150737,0.119710188725558,0.374665616266119,0.347055304150737
rs2283089,NaN,NaN,0.0534770661066142,0.0534770661066142,0.019148022531956,0.0534770661066142,0.0478826007249759,0.0180094483672993,0.126968390551991,0.0180094483672993,0.363002261215167,0.0524314265353559,0.0180094483672993,0.0566121815243399,0.0524314265353559
rs1894731,NaN,NaN,NaN,0.999322881878917,0.766012827133398,0.999322881878917,0.952066636229419,0.722240665582918,0.0551178075065933,0.722240665582918,0.00832884469074822,0.159902755402979,0.722240665582918,0.172633956520973,0.159902755402979
rs2283092,NaN,NaN,NaN,NaN,0.766012827133398,0.999322881878917,0.952066636229419,0.722240665582918,0.0551178075065933,0.722240665582918,0.00832884469074822,0.159902755402979,0.722240665582918,0.172633956520973,0.159902755402979
rs2283093,NaN,NaN,NaN,NaN,NaN,0.766012827133398,0.729785643151192,0.941821761308197,0.151185800613287,0.941821761308197,0.0528071607087215,0.122503690532848,0.941821761308197,0.13226357452017,0.122503690532848
rs6978939,NaN,NaN,NaN,NaN,NaN,NaN,0.952066636229419,0.722240665582918,0.0551178075065933,0.722240665582918,0.00832884469074822,0.159902755402979,0.722240665582918,0.172633956520973,0.159902755402979
rs6979287,NaN,NaN,NaN,NaN,NaN,NaN,NaN,0.688083606399695,0.0401285867183246,0.688083606399695,0.0106825347434453,0.167832002288286,0.688083606399695,0.18119483871984,0.167832002288286
rs6979572,NaN,NaN,NaN,NaN,NaN,NaN,NaN,NaN,0.142546612006814,0.99891284638738,0.0497768964391228,0.115503479645257,0.99891284638738,0.124705655976161,0.115503479645257
rs2283094,NaN,NaN,NaN,NaN,NaN,NaN,NaN,NaN,NaN,0.142546612006814,0.287330856517574,0.413198341268298,0.142546612006814,0.446057783583435,0.413198341268298
rs2283095,NaN,NaN,NaN,NaN,NaN,NaN,NaN,NaN,NaN,NaN,0.0497768964391228,0.115503479645257,0.99891284638738,0.124705655976161,0.115503479645257
rs6467111,NaN,NaN,NaN,NaN,NaN,NaN,NaN,NaN,NaN,NaN,NaN,0.144539839943738,0.0497768964391228,0.156047247634515,0.144539839943738
rs1111183,NaN,NaN,NaN,NaN,NaN,NaN,NaN,NaN,NaN,NaN,NaN,NaN,0.115503479645257,0.925806973345233,0.999466277013499
rs2237789,NaN,NaN,NaN,NaN,NaN,NaN,NaN,NaN,NaN,NaN,NaN,NaN,NaN,0.124705655976161,0.115503479645257
rs2299531,NaN,NaN,NaN,NaN,NaN,NaN,NaN,NaN,NaN,NaN,NaN,NaN,NaN,NaN,0.925806973345233
rs2299532,NaN,NaN,NaN,NaN,NaN,NaN,NaN,NaN,NaN,NaN,NaN,NaN,NaN,NaN,NaN
